date,loc_prod,loc_test
2025-08-02,160,0
2025-08-03,185,0
2025-08-04,258,0
2025-08-05,538,0
2025-08-11,739,0
2025-08-12,1095,0
2025-08-13,1041,0
2025-08-14,1064,0
2025-08-15,1117,0
2025-08-16,1173,0
2025-08-17,1173,0
2025-08-18,1173,0
2025-08-19,1172,0
2025-08-20,1172,0
2025-08-21,1191,0
2025-08-22,1110,0
2025-08-23,1155,0
2025-08-24,1155,0
2025-08-25,1241,0
2025-08-30,1242,6
2025-08-31,1242,6
2025-09-01,1285,6
2025-09-02,1327,6
2025-09-03,1899,6
2025-09-04,2088,6
2025-09-05,2533,6
2025-09-06,2529,6
2025-09-07,2822,6
2025-09-08,2822,6
2025-09-09,3189,6
2025-09-10,3270,6
2025-09-11,3269,6
2025-09-12,3801,6
2025-09-13,3870,6
2025-09-14,3979,6
2025-09-15,4649,6
2025-09-16,4723,6
2025-09-17,4814,6
2025-09-18,4648,6
2025-09-19,4675,6
2025-09-20,4675,6
2025-09-21,4882,6
2025-09-22,4879,6
2025-09-23,4879,6
2025-09-24,4879,6
2025-09-25,4875,63
2025-09-26,5008,63
2025-09-27,5365,63
2025-09-28,5846,63
2025-09-29,5964,63
2025-09-30,6121,63
2025-10-01,6303,63
2025-10-02,6820,63
2025-10-03,7562,63
2025-10-04,7683,63
2025-10-05,7856,63
2025-10-06,7848,63
2025-10-07,7208,63
2025-10-08,7233,7
2025-10-09,7277,7
2025-10-10,7298,7
2025-10-11,7358,7
2025-10-12,7469,7
2025-10-13,7615,7
2025-10-14,7800,7
2025-10-15,7800,7
2025-10-16,7837,7
2025-10-18,7835,7
2025-10-19,7322,7
2025-10-20,7415,7
2025-10-21,7415,7
2025-10-22,7417,7
2025-11-04,7417,7
2025-11-08,7448,7
2025-11-09,7447,7
2025-11-10,7447,7
2025-11-11,7463,7
2025-11-12,7527,7
2025-11-13,7559,7
2025-11-14,7830,7
2025-11-15,7723,7
2025-11-16,7741,7
2025-11-17,7919,7
2025-11-18,8122,7
2025-11-19,8617,7
2025-11-20,8971,7
2025-11-21,9023,7
2025-11-22,9116,7
2025-11-23,9429,7
2025-11-24,9756,7
2025-11-25,10230,7
2025-11-26,10562,7
2025-11-27,10690,7
2025-11-28,10705,7
2025-11-29,10855,7
2025-11-30,10872,7
2025-12-01,10872,7
2025-12-02,10916,7
2025-12-04,11052,7
2025-12-05,11709,7
2025-12-06,11891,7
2025-12-07,11895,7
2025-12-08,11954,7
2025-12-09,12072,7
2025-12-10,13111,421
2025-12-11,13653,872
2025-12-12,13928,1115
2025-12-13,13937,1115
2025-12-14,13923,1115
2025-12-15,14078,1115
2025-12-16,14127,1115
2025-12-17,14115,1115
2025-12-18,14114,1560
2025-12-19,14114,1560
2025-12-20,14111,1560
2025-12-21,14111,1560
2025-12-22,14111,1560
2025-12-23,14131,1560
2025-12-24,14131,1560
2025-12-25,14131,1560
2025-12-26,14131,1560
2025-12-27,14131,1560
2025-12-28,14131,1560
2025-12-29,14131,1560
2025-12-30,14131,1560
2026-01-01,14131,1560
2026-01-02,14240,1560
2026-01-04,14241,1560
2026-01-05,14521,1560
2026-01-06,15275,1560
2026-01-07,15615,1560
2026-01-08,15768,1560
2026-01-09,15864,1560
2026-01-10,16058,1560
2026-01-11,16553,1560
2026-01-12,16614,1560
2026-01-13,16750,1560
2026-01-14,17214,1560
2026-01-15,17384,1560
2026-01-16,18577,1560
2026-01-17,20073,1560
2026-01-18,20108,1560
2026-01-19,20195,1560
2026-01-20,20137,1560
2026-01-21,20139,1560
2026-01-22,20139,1560
2026-01-23,20144,1560
2026-01-24,20192,1560
2026-01-25,20597,1560
2026-01-26,20590,1560
2026-01-27,20578,1560
2026-01-28,20581,1560
2026-01-29,20834,1560
2026-01-30,20834,1560
2026-02-05,20835,1560
2026-02-06,20835,1560
2026-02-19,20843,1560
2026-02-20,21477,1560
2026-02-21,22232,1560
2026-02-23,22517,1560
2026-02-24,22842,1560
2026-02-25,23409,1560
2026-02-26,23666,1560
2026-02-27,23695,1560
2026-03-03,23701,1560
2026-03-04,23701,1560
2026-03-05,23749,1560
2026-03-06,23732,1560
2026-03-09,23732,1560
2026-03-11,23735,1560
2026-03-15,23740,1560
2026-03-19,23744,1560
2026-03-20,23503,2653
2026-03-21,24073,2653
2026-03-22,24650,2653
2026-03-23,25336,2653
2026-03-24,25336,2653
2026-03-25,25581,2653
2026-03-26,28160,2653
2026-03-27,28795,2651
2026-03-28,29203,2651
2026-03-29,29647,2651
2026-03-30,29647,2651
2026-03-31,29655,2651
2026-04-01,29655,2651
2026-04-02,30420,2694
2026-04-03,30745,2694
2026-04-04,31105,3052
2026-04-05,31130,3052
2026-04-06,31129,3052
2026-04-07,31301,3387
2026-04-08,32439,3459
2026-04-09,33967,3459
2026-04-10,35969,3459
2026-04-11,36663,3459
2026-04-12,38851,3459
2026-04-13,40765,3535
2026-04-14,44786,3592
2026-04-15,47499,3676
2026-04-16,47583,3525
2026-04-17,47663,3525
2026-04-18,47958,3525
2026-04-19,48612,3525
2026-04-20,48651,3525
2026-04-21,49158,3525
2026-04-23,49208,3525
2026-04-24,49361,3525
2026-04-25,49404,3525
2026-04-26,49408,3525
2026-04-27,49629,3525
2026-04-28,51099,3525
2026-04-29,52255,3525
2026-04-30,52445,3586
2026-05-01,52685,3623
2026-05-03,52909,3623
2026-05-04,53429,3623
2026-05-05,53429,3623
2026-05-07,53812,3623
2026-05-08,54064,3623
2026-05-09,54147,3623
2026-05-10,54268,3623
2026-05-12,54312,3623
2026-05-13,54305,3660
2026-05-14,54211,3660
2026-05-15,54809,4136
2026-05-16,55245,4820
2026-05-17,55321,5180
2026-05-18,55288,5180
2026-05-22,55291,5180
2026-05-23,55341,5243
2026-05-24,55924,6437
2026-05-25,56125,6564
2026-05-26,56142,6482
2026-05-27,56195,6828
2026-05-28,56341,6828
2026-05-29,56500,6828
2026-05-30,56514,6828
2026-05-31,56514,6828
2026-06-01,56945,6828
2026-06-03,56945,6828
2026-06-04,57048,7000
2026-06-05,56871,6788
2026-06-06,56871,6751
2026-06-08,56871,6751
2026-06-14,57021,6751
2026-06-16,57053,6751
2026-06-17,57341,7448
2026-06-18,57341,7448
2026-06-19,57607,7845
2026-06-20,57613,10572
